Property / Term	Values use for the Property (in order of most to least used)
assay format	cell-based format	biochemical format	organism-based format	cell-free format	tissue-based format
biological process	cell death	regulation of transcription, DNA-dependent	apoptotic process	regulation of translation	drug transport	regulation of molecular function	alternative mRNA splicing, via spliceosome	regulation of proteasomal protein catabolic process	quorum sensing	JAK-STAT cascade	regulation of gene expression	protein stabilization	cell proliferation	lytic viral release	thrombocyte differentiation	platelet activation	viral entry into host cell	viral genome replication	regulation of RNA splicing	circadian rhythm	biofilm formation
mode of action	inhibition	activation	competitive binding	cytotoxicity	allosteric binding	saturation binding	growth inhibition
signal direction	signal decrease corresponding to inhibition	signal increase corresponding to inhibition
unit of measurement	micromolar	percent	molar	nanomolar	ng/mL	millimolar
concentration throughput	multiple concentration	single concentration
cell line	CHO	293	U-2 OS	CHO-K1	HeLa	H69AR	COS-7	H4	NIH-3T3	293T/17	BA/F3	U937 (CD59+)	U3A	RBL-2H3	Vero	JURKAT	MCF7	C6	SH-SY5Y	IEC-6	MDCK	Schneider's Drosophila Line 2	CSM14.1	HT-1080	THP-1	DLD-1	LYMP1-002	C-33 A	BSC-1	BSR	Hep G2	H-4-II-E	SK-BR-3	SK-N-SH	WRO	LYMP1-003	BJ	N2a	MRC-5	HUV-EC-C	LYMP2-001	LYMP2-025	LYMP2-026	MV-4-11	LYMP2-020	LYMP2-021	LYMP2-008	LYMP2-013	LYMP2-023	LYMP2-006	MSC 80	LYMP2-004	LYMP2-005	LYMP2-002	LYMP2-003	LYMP2-007	A549	LYMP2-022	LYMP2-017	OCI-Ly3	C2C12	HEC-1-A	LYMP2-012	KOPN-8	LYMP2-010	LYMP2-011	LYMP2-016	LYMP2-014	ML-2	LYMP2-015	VERO 76	LYMP2-018	LYMP2-019	HEL	LYMP2-009	HL-60	PPC-1	LYMP2-024
organism	Homo sapiens	Rattus norvegicus	Escherichia coli	Photinus pyralis	Mus musculus	Hepatitis C virus	Streptococcus pneumoniae D39	Saccharomyces cerevisiae	Vibrio harveyi	Canis lupus familiaris	Plasmodium falciparum	West Nile virus	Leishmania Mexicana	Human immunodeficiency virus 1	Simian virus 40	Trypanosoma brucei	Caenorhabditis elegans	Equus caballus	Schistosoma mansoni	Yersinia enterocolitica	Photuris pennsylvanica	H5N1 subtype	Leuconostoc mesenteroides	Enterococcus faecalis	Sus scrofa	Chlorocebus aethiops	Geobacillus stearothermophilus	Epstein-Barr virus	Bluetongue virus 10	Leishmania mexicana	Salmonella enterica subsp. enterica serovar Typhi	Infectious bronchitis virus	Pseudomonas aeruginosa PAO1	Yersinia pseudotuberculosis	Oryza sativa Japonica Group	Bos taurus	Venezuelan equine encephalitis virus	Arabidopsis thaliana	Influenza virus	SARS coronavirus
assay screening campaign stage	confirmatory assay	primary assay	secondary assay	lead optimization assay	selectivity assay
repetition throughput	multiple repetition	single repetition
assay footprint	1536 well plate	384 well plate	96 well plate	24 well plate	cuvette
material entity  assay Kit	
bioassay	luciferase reporter gene assay	protein-protein interaction assay	calcium redistribution assay	viability assay	protein-small molecule interaction assay	hydrolase activity assay	beta lactamase reporter gene	kinase activity assay	plasma membrane potential assay	protein redistribution assay	beta galactosidase reporter gene assay	phosphatase activity assay	cAMP redistribution assay	transporter assay	cytochrome P450 enzyme activity assay	dye redistribution assay	oxidoreductase activity assay	apoptosis assay	luciferase enzyme activity assay	radioligand binding assay	IP1 redistribution assay	isomerase activity assay	localization assay	chaperone activity assay	phosphorylation assay	signal transduction assay	lyase activity assay	protease activity assay	cytotoxicity assay	fluorescent protein reporter gene assay	protein-DNA interaction assay	platelet activation assay	protein stability assay	beta lactamase reporter gene assay	transferase activity assay	protein-turnover assay	organism behavior assay	cell permeability assay	ion channel assay	protein unfolding assay	cell morphology assay	cell growth assay
bioassay type	functional	binding	direct enzyme activity measurement method	ADMET	viability assay	process
assay method	binding assessment method	enzyme activity measurement method	reporter gene method	molecular redistribution determination method	viability measurement method	membrane potential measurement method	conformation determination method	beta lactamase induction
biological macromolecule	G protein coupled receptor	generic hydrolase	kinase	oxidoreductase	generic membrane protein	G protein	transcription factor	nuclear receptor	phosphatase	transferase	hydrolase	ion channel	cytosolic protein	chaperone	secreted	isomerase	enzyme regulator	generic transferase	lyase	membrane protein	protease	structural	ligase
physical detection method	luminescence method	fluorescence intensity	flow cytometry	fluorescence resonance energy transfer	time resolved fluorescence resonance energy transfer	fluorescence polarization	homogeneous time resolved fluorescence	chemiluminescence	absorbance	spectrophotometry method	filter assay	nuclear magnetic resonance	thermal shift	alphascreen	mass spectrometry	isothermal titration calorimetry	lysate based	transmission electron microscopy
endpoint	IC50	AC50	percent inhibition	efficacy	EC50	percent activation	raw activity	percent response	percent viability	fold activation	Kd	Bmax	Ki	CC50	Tm	response endpoint	maximal activation	percent growth inhibition	MIC	fold inhibition	perturbagen concentration
detection instrument	EnVision Multilabel Reader	ViewLux CCD Imager	ViewLux ultraHTS Microplate Imager	HyperCyt High Throughput Flow Cytometry System	FLIPR TETRA	FDSS6000	Opera QEHS	Analyst HT	CyAn Flow Cytometer	FlexStation II Microplate Reader	PHERAstar Plus	SpectraMax M5 Multi-Mode Microplate Reader	TopCount NXT Microplate Scintillation Luminescence Counter	SpectraMax 190 Microplate Reader	Monolight 2010 Luminometer	FDSS7000	HTFC Screening System	FLIPR Tetra	ELx808 Absorbance Microplate Reader	Wallac MicroBeta Liquid Scintillation Counter	Packard Fusion Microplate Reader	FLx800 Fluorescence Microplate Reader	visual detection	VICTOR X2 Multilabel Plate Reader	Mx3005P	Avance III	VP-ITC Isothermal Titration Calorimeter	VICTOR X3 Multilabel Plate Reader	MSD SECTOR instrument	Infinite PF200	AxioVert 200M Fluorescence Light Microscope	API 4000 LC/MS/MS System	fluorometer	Odyssey Infrared Imager	8453 UV-Visible Spectrophotometer	AMINCO-Bowman Series 2 Luminescence Spectrometer	CDD Luminometer	immobilized metal affinity for phosphochemicals (IMAP)-based fluorescence polarization	Mx3005P qPCR	HPLC System
reporter gene method	Luciferin 4-monooxygenase	Beta-lactamase	beta-arrestin GFP	green fluorescent protein	red fluorescent protein	pGL4.18 Luciferase	cyclic nucleotide-gated channel (CNGC)	Beta-galactosidase
molecular entity substrate	luciferin	Adenosine triphosphate	BODIPY GTP	G alpha O-Alexa Fluor 488	Neuropeptide Y	Z-Arg-Arg-AMC	Phosphoenolpyruvate	Potassium phosphoenolpyruvate	Adenosine diphosphate	O-methylfluorescein phosphate	Para-nitrophenyl phosphate	 pNPP	AC-WEHD-AFC caspase-1 fluorogenic substrate	Boc-Glu-Ala-Arg-AMC	Boc-Gln-Gly-Arg-AMC	Estrogen-Alexa 633	Mannose-6-phosphate	4 Methylumbelliferyl-D-pyranoside	Fluorophosphonate-rhodamine	Ac-DEVD-AFC	Diphosphomevalonate	H-Leu-NHMec	Fluorogenic triple-helical peptide 3	ULight poly-GT	Pyr-RTKR-AMC	DNA	NBD C6-HPC	Phosphomevalonate	Glucose	6	8-difluoro-4-methylumbelliferyl phosphate	CellTiter-Glo reagent	Ubiquitin-AMC	Arachidonic acid	14LckpCAP394 peptide	1-Aminoanthracene	Ubiquitin-Rho	Phosphoethanolamine	Neuropeptide S	Mevalonate	RS repeat peptide	DABCYL-Thr-Pro-Leu-Lys~Ser-Pro-Pro-Pro-Ser-Pro-Arg-EDANS	Prostaglandin	A23187	Glucose-6-phosphate	Beta-hydroxybutyryl coenzyme A	Thallium	Luciferin-H	TMR-pS259-Raf peptide	Boc-Leu-Gly-Arg-AMC	Coenzyme A	D-luciferin	Boc-Val-Pro-Arg-AMC	SFLLRN	 thrombin receptor activating peptide	Luciferin-H EGE	Resorufin beta-D-glucopyranoside	Suc-Ala-Ala-Pro-Phe-AMC	Rhodamine-conjugated sulfonate ester	Phorbol myristate acetate	Resorufin alpha-D-pyranoside	Glycogen	Dy647-pS136-Bad peptide	Carbachol	Ac-LEHD-AMC	Alkaline phosphatase (AP)-labeled cAMP conjugate	Propionaldehyde	Ubiquitin-ethyl ester	Fluorescein Di-beta-D-Glucopyranoside	fMLFK-FITC
cell line modification method	stable transfection	transient transfection	viral transduction method
secondary assay	alternate target assay	alternate assay conditions	compound toxicity assay	orthogonal assay technology	variant construct assay	alternate cell line assay	orthogonal assay design	physicochemical profiling assay	alternate assay format	alternate confirmatory assay
compound library	MLSMR library	LOPAC 1280	DIVERSet	The NatProd Collection	NINDS library
material entity instrumentation manufacturer	Perkin Elmer	Molecular Devices	IntelliCyt Corporation	Hamamatsu	Dako	BMG Labtech	Bio-Tek Instruments	Agilent Technologies	LJL BioSystems	Bruker	Zeiss	Meso Scale Discovery	MicroCal	Tecan	Analytical Luminescence Laboratory	Thermo Fisher Scientific	AB SCIEX	Photon Technology International	Gilson	LI-COR Biosciences
assay measurement type	endpoint assay	kinetic assay
assay phase characteristic	heterogeneous phase	homogeneous phase
unit of measurement	percent	micromolar	ratio	degree Celsius	hour	counts per second
